TRACK,SOURCE,GLOBAL KEY,BEATPORT KEY,SUBGENRE,AUDIO LINK,ARTIST,TRACK
10089,endo_b,D major,D major,breaks,http://geo-samples.beatport.com/lofi/10089.LOFI.mp3,Jason Sparks,Close My Eyes
61415,forum,F minor,F major,trance,http://geo-samples.beatport.com/lofi/61415.LOFI.mp3,,
74982,forum,C minor,A minor,trance,http://geo-samples.beatport.com/lofi/74982.LOFI.mp3,,
101069,forum,E minor,A major,electro-house,http://geo-samples.beatport.com/lofi/101069.LOFI.mp3,,
190477,forum,D minor,D major,breaks,http://geo-samples.beatport.com/lofi/190477.LOFI.mp3,,
191347,endo_a forum,Eb minor,Bb minor,house,http://geo-samples.beatport.com/lofi/191347.LOFI.mp3,Schatrax,Mispent Years (Silicone Soul Darkroom Dub)
203493,forum,G minor,D minor,progressive-house,http://geo-samples.beatport.com/lofi/203493.LOFI.mp3,,
205597,endo_a,G minor,G minor,house,http://geo-samples.beatport.com/lofi/205597.LOFI.mp3,Roger Sanchez,Lost (Original Mix)
208158,forum,E minor,D major,trance,http://geo-samples.beatport.com/lofi/208158.LOFI.mp3,,
209206,forum,G major,A minor,trance,http://geo-samples.beatport.com/lofi/209206.LOFI.mp3,,
272788,endo_b,Bb major,Bb major,progressive-house,http://geo-samples.beatport.com/lofi/272788.LOFI.mp3,16 Bit Lolitas,Non Verbal Language (Original Mix)
305771,forum,C minor,C major,tech-house,http://geo-samples.beatport.com/lofi/305771.LOFI.mp3,,
341832,forum,G major,D major,progressive-house,http://geo-samples.beatport.com/lofi/341832.LOFI.mp3,,
376240,forum,F minor,F major,trance,http://geo-samples.beatport.com/lofi/376240.LOFI.mp3,,
398124,endo_b,D major,D major,progressive-house,http://geo-samples.beatport.com/lofi/398124.LOFI.mp3,Hybrid,Finished Symphony (Deadmau5 Remix)
400259,forum,G minor,F major,drum-and-bass,http://geo-samples.beatport.com/lofi/400259.LOFI.mp3,,
423054,forum,D minor,A minor,progressive-house,http://geo-samples.beatport.com/lofi/423054.LOFI.mp3,,
435443,endo_a,E minor,E major,progressive-house,http://geo-samples.beatport.com/lofi/435443.LOFI.mp3,Dubfire,I Feel Speed (Original Club Mix)
472626,forum,G minor,A minor,house,http://geo-samples.beatport.com/lofi/472626.LOFI.mp3,,
495905,endo_b,Bb minor,Bb minor,drum-and-bass,http://geo-samples.beatport.com/lofi/495905.LOFI.mp3,Metrik,Your World - Original Mix
511348,forum,E minor,A minor,tech-house,http://geo-samples.beatport.com/lofi/511348.LOFI.mp3,,
571009,forum,F minor,C minor,progressive-house,http://geo-samples.beatport.com/lofi/571009.LOFI.mp3,,
582991,forum,G minor,C minor,electro-house,http://geo-samples.beatport.com/lofi/582991.LOFI.mp3,,
611797,endo_b,A major,Db minor,techno,http://geo-samples.beatport.com/lofi/611797.LOFI.mp3,Si Begg,Sunshine 08 - Original Mix
631240,forum,G minor,D minor,minimal,http://geo-samples.beatport.com/lofi/631240.LOFI.mp3,,
631883,forum,C minor,C major,house,http://geo-samples.beatport.com/lofi/631883.LOFI.mp3,,
634032,forum,E minor,A minor,electro-house,http://geo-samples.beatport.com/lofi/634032.LOFI.mp3,,
667508,endo_a,D minor,D minor,tech-house,http://geo-samples.beatport.com/lofi/667508.LOFI.mp3,Stimming,Una Pena (Argy's)
671546,forum,A minor,A major,trance,http://geo-samples.beatport.com/lofi/671546.LOFI.mp3,,
677299,endo_b,Gb major,Gb major,electro-house,http://geo-samples.beatport.com/lofi/677299.LOFI.mp3,Angel Alanis,Cage Me In (Angel Alanis' Tweak Remix)
678406,endo_a forum,E minor,E major,progressive-house,http://geo-samples.beatport.com/lofi/678406.LOFI.mp3,Hybrid,Formula Of Fear (Uberzone Vocal Mix)
682724,endo_b,C major,G major,breaks,http://geo-samples.beatport.com/lofi/682724.LOFI.mp3,UnderThis,Black And White - Original Mix
774871,forum,B major,A major,dubstep,http://geo-samples.beatport.com/lofi/774871.LOFI.mp3,,
774874,forum,B minor,B major,dubstep,http://geo-samples.beatport.com/lofi/774874.LOFI.mp3,,
774875,forum,Gb minor,B minor,dubstep,http://geo-samples.beatport.com/lofi/774875.LOFI.mp3,,
781373,forum,E major,A major,trance,http://geo-samples.beatport.com/lofi/781373.LOFI.mp3,,
781995,endo_b,C major,C major,progressive-house,http://geo-samples.beatport.com/lofi/781995.LOFI.mp3,Bad Boy Bill,Falling Anthem (Bad Boy Bill Extended Mix)
796860,forum,Ab minor,Db minor,techno,http://geo-samples.beatport.com/lofi/796860.LOFI.mp3,,
814290,endo_b,E major,E major,indie-dance nu-disco,http://geo-samples.beatport.com/lofi/814290.LOFI.mp3,Tom Middleton,Light Through The Veins
814505,endo_b,A major,A major,tech-house,http://geo-samples.beatport.com/lofi/814505.LOFI.mp3,Bronnt Industries Kapital @bronnt,Objects & Purpose - M.A.N.D.Y & Booka Shade Remix
822664,endo_b,Bb minor,Bb major,techno,http://geo-samples.beatport.com/lofi/822664.LOFI.mp3,Kevin Saunderson,Rock To The Beat (Smith & Selway @johnselway Remix)
835903,forum,D major,A minor,progressive-house,http://geo-samples.beatport.com/lofi/835903.LOFI.mp3,,
839886,endo_a,D minor,D major,tech-house,http://geo-samples.beatport.com/lofi/839886.LOFI.mp3,Mendo,Trompeta (Original Mix)
846900,endo_b,E major,A major,indie-dance nu-disco,http://geo-samples.beatport.com/lofi/846900.LOFI.mp3,Alex Metric,Head Straight (Original Mix)
847422,endo_a,A minor,A minor,house,http://geo-samples.beatport.com/lofi/847422.LOFI.mp3,Oliver Koletzki,Yes We Can (Original Mix)
853834,endo_b,E major,A minor,tech-house,http://geo-samples.beatport.com/lofi/853834.LOFI.mp3,Module II,Eggbox
873455,forum,E minor,D major,house,http://geo-samples.beatport.com/lofi/873455.LOFI.mp3,,
877345,endo_b,Eb major,Eb major,techno,http://geo-samples.beatport.com/lofi/877345.LOFI.mp3,Dusty Kid,America (Extended Version)
883724,forum,F minor,Bb major,tech-house,http://geo-samples.beatport.com/lofi/883724.LOFI.mp3,,
890568,forum,E minor,B minor,progressive-house,http://geo-samples.beatport.com/lofi/890568.LOFI.mp3,,
891993,endo_b,D major,D major,pop rock,http://geo-samples.beatport.com/lofi/891993.LOFI.mp3,The Temper Trap,Sweet Disposition - Evil Nine Mix
896478,forum,B minor,Gb minor,house,http://geo-samples.beatport.com/lofi/896478.LOFI.mp3,,
903963,endo_b,F major,F major,techno,http://geo-samples.beatport.com/lofi/903963.LOFI.mp3,Freeland @adam_freeland ,Mancry (Gui Boratto Remix)
907837,forum,G minor,D minor,drum-and-bass,http://geo-samples.beatport.com/lofi/907837.LOFI.mp3,,
923397,endo_a,Bb minor,Bb minor,deep-house,http://geo-samples.beatport.com/lofi/923397.LOFI.mp3,M.A.D.,Brainwaves (Dub Mix)
945256,forum,Eb minor,B major,trance,http://geo-samples.beatport.com/lofi/945256.LOFI.mp3,,
973819,forum,F minor,F major,trance,http://geo-samples.beatport.com/lofi/973819.LOFI.mp3,,
975137,forum,C minor,Bb minor,minimal,http://geo-samples.beatport.com/lofi/975137.LOFI.mp3,,
975138,forum,D minor,Eb minor,techno,http://geo-samples.beatport.com/lofi/975138.LOFI.mp3,,
981591,forum,Bb minor,A major,minimal,http://geo-samples.beatport.com/lofi/981591.LOFI.mp3,,
992081,endo_b,E major,E major,techno,http://geo-samples.beatport.com/lofi/992081.LOFI.mp3,Max Cooper,Dischordance 
997308,forum,C major,F major,house,http://geo-samples.beatport.com/lofi/997308.LOFI.mp3,,
1004923,endo_a forum,C minor,F major,tech-house,http://geo-samples.beatport.com/lofi/1004923.LOFI.mp3,Kaiserdisco,Carachillo (Original Mix)
1007941,forum,F minor,Bb major,electro-house,http://geo-samples.beatport.com/lofi/1007941.LOFI.mp3,,
1009960,forum,Eb minor,A minor,minimal,http://geo-samples.beatport.com/lofi/1009960.LOFI.mp3,,
1017921,endo_b,B major,B major,progressive-house,http://geo-samples.beatport.com/lofi/1017921.LOFI.mp3,DJ Rap,Give It All Away (Sultan & Ned Shepard Remix)
1026478,forum,F minor,Gb minor,techno,http://geo-samples.beatport.com/lofi/1026478.LOFI.mp3,,
1033148,endo_a forum,F minor,F major,tech-house,http://geo-samples.beatport.com/lofi/1033148.LOFI.mp3,Carlo Lio,Sammy's Revenge (Original Mix)
1034795,forum,B minor,Gb minor,house,http://geo-samples.beatport.com/lofi/1034795.LOFI.mp3,,
1037507,endo_b,G major,G major,electronica,http://geo-samples.beatport.com/lofi/1037507.LOFI.mp3,Russian Linesman,Hark! The Herald Angels Sing
1041574,endo_b,Ab major,C minor,techno,http://geo-samples.beatport.com/lofi/1041574.LOFI.mp3,Gary Beck,Yah Yah
1043194,forum,Db minor,A minor,house,http://geo-samples.beatport.com/lofi/1043194.LOFI.mp3,,
1052744,forum,G minor,C major,drum-and-bass,http://geo-samples.beatport.com/lofi/1052744.LOFI.mp3,,
1056896,forum,A minor,A major,progressive-house,http://geo-samples.beatport.com/lofi/1056896.LOFI.mp3,,
1074548,forum,A minor,F major,hardcore hard-techno,http://geo-samples.beatport.com/lofi/1074548.LOFI.mp3,,
1075123,forum,F minor,Bb minor,drum-and-bass,http://geo-samples.beatport.com/lofi/1075123.LOFI.mp3,,
1092676,forum,F minor,Ab major,progressive-house,http://geo-samples.beatport.com/lofi/1092676.LOFI.mp3,,
1103512,endo_a forum,Bb minor,Bb major,house,http://geo-samples.beatport.com/lofi/1103512.LOFI.mp3,Tim Deluxe,Freedom (Original Mix)
1105632,endo_a forum,C minor,C major,tech-house,http://geo-samples.beatport.com/lofi/1105632.LOFI.mp3,Butch,Reshef (Gow Remix)
1140027,endo_a,Db minor,D minor,tech-house,http://geo-samples.beatport.com/lofi/1140027.LOFI.mp3,Carlo Lio,In The Zone (Carlo Lio Mix)
1149778,endo_a,Gb minor,Gb minor,tech-house,http://geo-samples.beatport.com/lofi/1149778.LOFI.mp3,Erik Sumo Band,Dream Machine (Ferenc Vaspoeri Remix)
1161234,endo_b endo_a,C major,C major,tech-house,http://geo-samples.beatport.com/lofi/1161234.LOFI.mp3,Lusine,Two Dots - Nic Fanciulli Remix
1161249,endo_a,G minor,G minor,house,http://geo-samples.beatport.com/lofi/1161249.LOFI.mp3,Layo & Bushwacka!,Femme Fatale (Original Mix)
1164898,endo_b,C major,C major,breaks,http://geo-samples.beatport.com/lofi/1164898.LOFI.mp3,Way Out West,The Gift Way Out West's 2010 Remix
1178656,endo_a forum,C minor,G minor,tech-house,http://geo-samples.beatport.com/lofi/1178656.LOFI.mp3,Nelski,Body Pop (Radio Slave Remix feat. Thomas Gandey)
1193612,forum,Gb minor,A major,techno,http://geo-samples.beatport.com/lofi/1193612.LOFI.mp3,,
1194720,endo_a,D minor,D minor,tech-house,http://geo-samples.beatport.com/lofi/1194720.LOFI.mp3,SIS,Lola (Original Mix)
1198688,endo_a,D minor,D minor,tech-house,http://geo-samples.beatport.com/lofi/1198688.LOFI.mp3,Santos,The Selector (Original Mix)
1206025,endo_a forum,A minor,E minor,tech-house,http://geo-samples.beatport.com/lofi/1206025.LOFI.mp3,Oleg Poliakov,Caravan (Original Mix)
1209745,endo_b,Bb major,Bb major,tech-house,http://geo-samples.beatport.com/lofi/1209745.LOFI.mp3,Fromage Disco,Repeight (Jamie Stevens Gold Return Mix) 
1224698,endo_b,G major,G major,progressive-house,http://geo-samples.beatport.com/lofi/1224698.LOFI.mp3,UNKLE ,Heavy Drug -King Unique Rmx 
1234668,forum,G minor,D minor,drum-and-bass,http://geo-samples.beatport.com/lofi/1234668.LOFI.mp3,,
1234669,forum,G minor,Db major,drum-and-bass,http://geo-samples.beatport.com/lofi/1234669.LOFI.mp3,,
1234670,forum,F minor,C minor,drum-and-bass,http://geo-samples.beatport.com/lofi/1234670.LOFI.mp3,,
1234748,forum,G minor,Bb major,trance,http://geo-samples.beatport.com/lofi/1234748.LOFI.mp3,,
1234749,forum,Bb major,F major,trance,http://geo-samples.beatport.com/lofi/1234749.LOFI.mp3,,
1234750,forum,D minor,F major,trance,http://geo-samples.beatport.com/lofi/1234750.LOFI.mp3,,
1234751,forum,Bb major,F major,trance,http://geo-samples.beatport.com/lofi/1234751.LOFI.mp3,,
1234752,forum,B minor,D major,trance,http://geo-samples.beatport.com/lofi/1234752.LOFI.mp3,,
1257593,endo_a,B minor,Gb minor,tech-house,http://geo-samples.beatport.com/lofi/1257593.LOFI.mp3,Tracey Thorn,Why Does The Wind? (Michel Cleis Remix)
1298595,forum,F minor,F major,trance,http://geo-samples.beatport.com/lofi/1298595.LOFI.mp3,,
1316308,forum,G major,A minor,tech-house,http://geo-samples.beatport.com/lofi/1316308.LOFI.mp3,,
1353830,endo_a forum,D minor,A major,techno,http://geo-samples.beatport.com/lofi/1353830.LOFI.mp3,Johannes Heil,Seeded (Original Mix)
1356281,forum,Eb major,Eb major,progressive-house,http://geo-samples.beatport.com/lofi/1356281.LOFI.mp3,,
1389887,forum,Ab minor,A minor,techno,http://geo-samples.beatport.com/lofi/1389887.LOFI.mp3,,
1406309,endo_a,B minor,F major,deep-house,http://geo-samples.beatport.com/lofi/1406309.LOFI.mp3,Okain,Scream (Nina Kraviz Mix)
1415239,forum,C minor,C major,trance,http://geo-samples.beatport.com/lofi/1415239.LOFI.mp3,,
1442809,forum,Db minor,E major,chill-out,http://geo-samples.beatport.com/lofi/1442809.LOFI.mp3,,
1468437,endo_a,B minor,B minor,house,http://geo-samples.beatport.com/lofi/1468437.LOFI.mp3,Dennis Ferrer,The Red Room (Obj Vocal Mix)
1474122,endo_b,Ab major,Eb major,chill-out,http://geo-samples.beatport.com/lofi/1474122.LOFI.mp3,Cascada,Everytime We Touch (Yanou's Candlelight Mix)
1486770,endo_a,A minor,A minor,techno,http://geo-samples.beatport.com/lofi/1486770.LOFI.mp3,Kaiserdisco,Holding Up My Life (Original Mix)
1494159,endo_a,Eb minor,Db minor,progressive-house,http://geo-samples.beatport.com/lofi/1494159.LOFI.mp3,Morgan Page,The Longest Road feat. Lissie (Album Version)
1549964,endo_a,Db minor,Db minor,deep-house,http://geo-samples.beatport.com/lofi/1549964.LOFI.mp3,Thugfucker,Disco Gnome (Tale Of Us Remix)
1568217,endo_b,F major,F major,dj-tools,http://geo-samples.beatport.com/lofi/1568217.LOFI.mp3,Mobin Master,Show Me Love 2007 feat. Karina Chavez (Organ Acapella Tool 128 D)
1574723,endo_a forum,D minor,F major,tech-house,http://geo-samples.beatport.com/lofi/1574723.LOFI.mp3,Radio Slave,Let It Rain (Original Mix)
1575015,endo_a,A minor,A minor,tech-house,http://geo-samples.beatport.com/lofi/1575015.LOFI.mp3,Rasmus Faber,Never Figure Out (Stimming Remix)
1611446,forum,Ab minor,Ab minor,trance,http://geo-samples.beatport.com/lofi/1611446.LOFI.mp3,,
1614715,endo_a forum,Gb minor,A major,house,http://geo-samples.beatport.com/lofi/1614715.LOFI.mp3,Maceo Plex,Vibe Your Love (Original Mix)
1626779,forum,Bb minor,A minor,tech-house,http://geo-samples.beatport.com/lofi/1626779.LOFI.mp3,,
1650933,endo_a,Eb minor,Eb minor,tech-house,http://geo-samples.beatport.com/lofi/1650933.LOFI.mp3,Audiofly,Fela (Original Album Version)
1650934,endo_b,F minor,F major,tech-house,http://geo-samples.beatport.com/lofi/1650934.LOFI.mp3,Audiofly,Fela (Tiefschwarz Remix)
1652412,forum,D minor,Eb minor,tech-house,http://geo-samples.beatport.com/lofi/1652412.LOFI.mp3,,
1669939,endo_b,E major,E major,electronica,http://geo-samples.beatport.com/lofi/1669939.LOFI.mp3,"Orbital, Dan Mckie",Halycyon (Again) - Original Mix
1673811,forum,D major,F major,house,http://geo-samples.beatport.com/lofi/1673811.LOFI.mp3,,
1678455,forum,Gb minor,A minor,techno,http://geo-samples.beatport.com/lofi/1678455.LOFI.mp3,,
1681074,forum,F minor,D minor,tech-house,http://geo-samples.beatport.com/lofi/1681074.LOFI.mp3,,
1681077,forum,Ab minor,B major,tech-house,http://geo-samples.beatport.com/lofi/1681077.LOFI.mp3,,
1681085,forum,F major,Eb minor,tech-house,http://geo-samples.beatport.com/lofi/1681085.LOFI.mp3,,
1682815,endo_a,C minor,C minor,tech-house,http://geo-samples.beatport.com/lofi/1682815.LOFI.mp3,Craig Torrance,The Thoroughfare (SIS Remix)
1690921,endo_a,D minor,A minor,tech-house,http://geo-samples.beatport.com/lofi/1690921.LOFI.mp3,Daniel Stefanik,The Silicon Garden (Original Mix)
1695408,endo_a,A minor,A minor,deep-house,http://geo-samples.beatport.com/lofi/1695408.LOFI.mp3,Francesco Bonora,Lady Paris (Original Mix)
1706844,endo_b,Eb major,Eb major,electronica,http://geo-samples.beatport.com/lofi/1706844.LOFI.mp3,The Chemical Brothers,Let Forever Be
1725800,forum,G minor,B minor,trance,http://geo-samples.beatport.com/lofi/1725800.LOFI.mp3,,
1757071,endo_a,E minor,E minor,house,http://geo-samples.beatport.com/lofi/1757071.LOFI.mp3,Piet Van Dongen,Vulcanic Ass (Audiofly Remix)
1763782,endo_a forum,Gb minor,Gb minor,progressive-house,http://geo-samples.beatport.com/lofi/1763782.LOFI.mp3,Moshic,Close To God (Original Mix)
1771576,endo_a,C minor,C minor,house,http://geo-samples.beatport.com/lofi/1771576.LOFI.mp3,Layo & Bushwacka!,Summer Gone (Original Mix)
1771577,endo_a forum,G minor,D major,tech-house,http://geo-samples.beatport.com/lofi/1771577.LOFI.mp3,Layo & Bushwacka!,What Do You Say Now (Original Mix)
1776378,endo_a forum,Ab minor,A minor,tech-house,http://geo-samples.beatport.com/lofi/1776378.LOFI.mp3,Mind Against,Space Thru Me (Original Mix)
1781139,endo_a,C minor,C minor,deep-house,http://geo-samples.beatport.com/lofi/1781139.LOFI.mp3,Simon Baker,Grey Area (Extended Mix)
1785226,endo_a,Gb minor,Gb minor,house,http://geo-samples.beatport.com/lofi/1785226.LOFI.mp3,Carlo Lio,Stuck In A Dream (Original Mix)
1787061,forum,Gb minor,Eb minor,dubstep,http://geo-samples.beatport.com/lofi/1787061.LOFI.mp3,,
1792026,endo_a,D minor,B minor,tech-house,http://geo-samples.beatport.com/lofi/1792026.LOFI.mp3,Guti,Patio De Juegos (Original Mix)
1792100,endo_a,C minor,C minor,tech-house,http://geo-samples.beatport.com/lofi/1792100.LOFI.mp3,Joris Voorn,Incident (Miyagi) (Original Mix)
1792506,endo_a,D minor,D minor,tech-house,http://geo-samples.beatport.com/lofi/1792506.LOFI.mp3,Ruede Hagelstein,Corrosive Love (Alex Dolby & Santos Remix)
1795653,endo_a,Eb minor,Eb minor,tech-house,http://geo-samples.beatport.com/lofi/1795653.LOFI.mp3,Trentemoller,Shades Of Marble (Original Mix)
1796518,forum,Db minor,C minor,progressive-house,http://geo-samples.beatport.com/lofi/1796518.LOFI.mp3,,
1803909,endo_a,B minor,B minor,tech-house,http://geo-samples.beatport.com/lofi/1803909.LOFI.mp3,Nutia,Oil (Original Mix)
1808022,endo_a,Bb minor,Bb minor,tech-house,http://geo-samples.beatport.com/lofi/1808022.LOFI.mp3,Silicone Soul,"Right On, Right On (Nick Curly Remix)"
1809174,endo_b endo_a,A major,A major,house,http://geo-samples.beatport.com/lofi/1809174.LOFI.mp3,Vertigo,Mister Sandman (Bom Bom) - Analog People In A Digital World Remix
1814469,endo_a,F minor,F minor,tech-house,http://geo-samples.beatport.com/lofi/1814469.LOFI.mp3,Hermanez,Semitone (Original Mix)
1822087,endo_a forum,B minor,Bb minor,tech-house,http://geo-samples.beatport.com/lofi/1822087.LOFI.mp3,Lewis Ryder,Kaffee-Monster Schief Gegangen (Jamie Stevens Deep at Night Remix)
1822502,endo_a,D minor,D minor,tech-house,http://geo-samples.beatport.com/lofi/1822502.LOFI.mp3,Gary Beck,Hands In Mine (Original Mix)
1837440,endo_a,B minor,B minor,tech-house,http://geo-samples.beatport.com/lofi/1837440.LOFI.mp3,Crimea X,10 PM (Florian Meindl Remix)
1850984,endo_a,A minor,A minor,deep-house,http://geo-samples.beatport.com/lofi/1850984.LOFI.mp3,Mousse T.,Toscana (Loco Dice Mix)
1856889,forum,Gb minor,Bb major,tech-house,http://geo-samples.beatport.com/lofi/1856889.LOFI.mp3,,
1864037,forum,Db minor,Db minor,electronica,http://geo-samples.beatport.com/lofi/1864037.LOFI.mp3,,
1880732,endo_a,Eb minor,A minor,tech-house,http://geo-samples.beatport.com/lofi/1880732.LOFI.mp3,Angel Moraes,Welcome To The Factory (Original Mix)
1904501,forum,C minor,D minor,deep-house,http://geo-samples.beatport.com/lofi/1904501.LOFI.mp3,,
1922470,forum,Eb minor,Gb major,deep-house,http://geo-samples.beatport.com/lofi/1922470.LOFI.mp3,,
1927655,endo_b,G minor,G minor,deep-house,http://geo-samples.beatport.com/lofi/1927655.LOFI.mp3,Guy Gerber,Hate Love 
1939732,endo_a,Eb minor,Eb minor,techno,http://geo-samples.beatport.com/lofi/1939732.LOFI.mp3,Emptyset,Altogether Lost feat. Cornelius Harris (Ripperton's Underground Kingdom Mix)
1944125,endo_a forum,C minor,C major,deep-house,http://geo-samples.beatport.com/lofi/1944125.LOFI.mp3,Helmut Dubnitzky,Move (Original Mix)
1948785,endo_a forum,E minor,A minor,tech-house,http://geo-samples.beatport.com/lofi/1948785.LOFI.mp3,Philip Bader,Hou!!! (Original Mix)
1949099,forum,E minor,B minor,dubstep,http://geo-samples.beatport.com/lofi/1949099.LOFI.mp3,,
1950170,endo_a forum,Bb minor,Bb major,deep-house,http://geo-samples.beatport.com/lofi/1950170.LOFI.mp3,Soul Camp,Walk With Me (Silicone Soul Remix)
1960032,forum,C minor,G minor,dubstep,http://geo-samples.beatport.com/lofi/1960032.LOFI.mp3,,
1964905,forum,A minor,Bb major,techno,http://geo-samples.beatport.com/lofi/1964905.LOFI.mp3,,
1970992,endo_a forum,Ab minor,Eb minor,deep-house,http://geo-samples.beatport.com/lofi/1970992.LOFI.mp3,Shlomi Aber,New York Dreamer (Alix Alvarez Remix)
1978917,endo_a forum,D minor,B minor,tech-house,http://geo-samples.beatport.com/lofi/1978917.LOFI.mp3,Bushwacka!,Energy (Original Mix)
1981501,endo_b,A minor,A minor,deep-house,http://geo-samples.beatport.com/lofi/1981501.LOFI.mp3,Larse,You Broke My Heart (Original Mix) CONYA RECORDS
1982269,endo_a,A minor,A minor,tech-house,http://geo-samples.beatport.com/lofi/1982269.LOFI.mp3,Carl Cox,Family Guy (Layo & Bushwacka! Deeper Remix)
1983975,endo_a,Gb minor,Gb minor,deep-house,http://geo-samples.beatport.com/lofi/1983975.LOFI.mp3,Pol_On,Will Dance With You (Of Norway Version)
1984204,forum,F minor,F major,house,http://geo-samples.beatport.com/lofi/1984204.LOFI.mp3,,
1986370,forum,Eb minor,Bb minor,tech-house,http://geo-samples.beatport.com/lofi/1986370.LOFI.mp3,,
1990297,endo_a,A minor,A minor,tech-house,http://geo-samples.beatport.com/lofi/1990297.LOFI.mp3,SIS,Cast Out Of Paradise feat. Anji Bee (Original Mix)
1991458,forum,B minor,B major,indie-dance nu-disco,http://geo-samples.beatport.com/lofi/1991458.LOFI.mp3,,
2006103,endo_a,Db minor,Db minor,deep-house,http://geo-samples.beatport.com/lofi/2006103.LOFI.mp3,Diskjokke,Maneter (Original Mix)
2007977,forum,Db minor,Ab minor,progressive-house,http://geo-samples.beatport.com/lofi/2007977.LOFI.mp3,,
2014445,endo_a forum,Eb minor,Bb minor,tech-house,http://geo-samples.beatport.com/lofi/2014445.LOFI.mp3,DJ T.,City Life feat. Cari Golden (Maya Jane Coles Remix)
2018991,forum,C minor,C major,progressive-house,http://geo-samples.beatport.com/lofi/2018991.LOFI.mp3,,
2024026,endo_b,G major,G major,pop rock,http://geo-samples.beatport.com/lofi/2024026.LOFI.mp3,Beth Orton,Central Reservation 
2025670,forum,C minor,F major,tech-house,http://geo-samples.beatport.com/lofi/2025670.LOFI.mp3,,
2026524,forum,Eb minor,Bb minor,trance,http://geo-samples.beatport.com/lofi/2026524.LOFI.mp3,,
2029598,forum,E minor,A major,progressive-house,http://geo-samples.beatport.com/lofi/2029598.LOFI.mp3,,
2031094,endo_a,A minor,A minor,tech-house,http://geo-samples.beatport.com/lofi/2031094.LOFI.mp3,Audiofly,6 Degrees feat. Fiora (Booka Shade Remix)
2031096,endo_a,A minor,A minor,tech-house,http://geo-samples.beatport.com/lofi/2031096.LOFI.mp3,Audiofly,6 Degrees feat. Fiora (Original Mix)
2046342,endo_b,E minor,Bb minor,deep-house,http://geo-samples.beatport.com/lofi/2046342.LOFI.mp3,Lucky Paul,Thought We Were Alone feat. Milosh (Gadi Mizrahi & Eli Gold Remix)
2047796,forum,D minor,C major,drum-and-bass,http://geo-samples.beatport.com/lofi/2047796.LOFI.mp3,,
2048054,endo_a,C minor,C minor,house,http://geo-samples.beatport.com/lofi/2048054.LOFI.mp3,Jay Haze,I Wait for You feat. Laila Tov (Original Mix)
2048940,forum,G minor,D minor,electro-house,http://geo-samples.beatport.com/lofi/2048940.LOFI.mp3,,
2049680,endo_a,F minor,F minor,deep-house,http://geo-samples.beatport.com/lofi/2049680.LOFI.mp3,Ray Foxx,The Trumpeter (Guti Remix)
2051166,endo_a,E minor,E minor,tech-house,http://geo-samples.beatport.com/lofi/2051166.LOFI.mp3,Marco Lys,Go (Original Mix)
2052966,endo_a,Bb minor,Bb minor,deep-house,http://geo-samples.beatport.com/lofi/2052966.LOFI.mp3,Olene Kadar,Baby Keep It Up feat. D-Low (Pooley's MPC Dub)
2053495,forum,B minor,A major,deep-house,http://geo-samples.beatport.com/lofi/2053495.LOFI.mp3,,
2054968,endo_a,C major,C major,techno,http://geo-samples.beatport.com/lofi/2054968.LOFI.mp3,Marco Effe,For Me (Original Mix)
2059625,endo_a forum,Gb minor,F major,tech-house,http://geo-samples.beatport.com/lofi/2059625.LOFI.mp3,Kellerkind,Hidden Carneval (Original Mix)
2069519,forum,F minor,F major,trance,http://geo-samples.beatport.com/lofi/2069519.LOFI.mp3,,
2070773,endo_a,A minor,A minor,tech-house,http://geo-samples.beatport.com/lofi/2070773.LOFI.mp3,Cab Drivers,Get It (Original Mix)
2075331,endo_a forum,G minor,D minor,techno,http://geo-samples.beatport.com/lofi/2075331.LOFI.mp3,Silicone Soul,Distant Stab (Silicone Soul's Darkroom Dub Mix)
2081732,forum,E minor,F major,minimal,http://geo-samples.beatport.com/lofi/2081732.LOFI.mp3,,
2434664,forum,C major,C major,progressive-house,http://geo-samples.beatport.com/lofi/2434664.LOFI.mp3,,
2435861,forum,C minor,A minor,tech-house,http://geo-samples.beatport.com/lofi/2435861.LOFI.mp3,,
2436276,forum,A minor,A major,electro-house,http://geo-samples.beatport.com/lofi/2436276.LOFI.mp3,,
2436729,forum,C minor,D minor,electro-house,http://geo-samples.beatport.com/lofi/2436729.LOFI.mp3,,
2438899,forum,Bb minor,Bb major,breaks,http://geo-samples.beatport.com/lofi/2438899.LOFI.mp3,,
2440193,forum,A minor,A major,progressive-house,http://geo-samples.beatport.com/lofi/2440193.LOFI.mp3,,
2447748,endo_a,Ab minor,A minor,techno,http://geo-samples.beatport.com/lofi/2447748.LOFI.mp3,Mauro Alpha,Bassline (Original Mix)
2448121,forum,F minor,F major,electro-house,http://geo-samples.beatport.com/lofi/2448121.LOFI.mp3,,
2666332,endo_b,A major,A major,house,http://geo-samples.beatport.com/lofi/2666332.LOFI.mp3,"Choklate, Session Victim, Kola Kube",Break My Heart (Session Victim Mix)[Wav]
2666528,endo_a forum,Db minor,D minor,tech-house,http://geo-samples.beatport.com/lofi/2666528.LOFI.mp3,Extrawelt,Neuland (Robag Wruhme Rekksmow 002)
2667501,forum,B minor,Gb minor,deep-house,http://geo-samples.beatport.com/lofi/2667501.LOFI.mp3,,
2673157,forum,B minor,F major,deep-house,http://geo-samples.beatport.com/lofi/2673157.LOFI.mp3,,
2673251,endo_a forum,Eb minor,Eb major,tech-house,http://geo-samples.beatport.com/lofi/2673251.LOFI.mp3,Audiofly,Fela (SIS Edit)
2673252,endo_a forum,C minor,C major,tech-house,http://geo-samples.beatport.com/lofi/2673252.LOFI.mp3,M.A.N.D.Y.,4+1 (SIS Edit)
2673254,endo_a,D minor,D minor,tech-house,http://geo-samples.beatport.com/lofi/2673254.LOFI.mp3,Lopazz,Funkshovel (SIS Edit)
2676506,forum,C minor,F minor,dj-tools,http://geo-samples.beatport.com/lofi/2676506.LOFI.mp3,,
2680040,forum,A minor,A major,progressive-house,http://geo-samples.beatport.com/lofi/2680040.LOFI.mp3,,
2725284,forum,G minor,Ab minor,drum-and-bass,http://geo-samples.beatport.com/lofi/2725284.LOFI.mp3,,
2725286,forum,G minor,G minor,drum-and-bass,http://geo-samples.beatport.com/lofi/2725286.LOFI.mp3,,
2725289,forum,E minor,A minor,drum-and-bass,http://geo-samples.beatport.com/lofi/2725289.LOFI.mp3,,
2725290,forum,G minor,D major,drum-and-bass,http://geo-samples.beatport.com/lofi/2725290.LOFI.mp3,,
2741219,endo_a,A minor,A minor,tech-house,http://geo-samples.beatport.com/lofi/2741219.LOFI.mp3,Kaiserdisco,Lurin (Original Mix)
2760321,forum,C major,A minor,house,http://geo-samples.beatport.com/lofi/2760321.LOFI.mp3,,
2996293,forum,D major,E minor,progressive-house,http://geo-samples.beatport.com/lofi/2996293.LOFI.mp3,,
3003894,forum,C minor,C major,techno,http://geo-samples.beatport.com/lofi/3003894.LOFI.mp3,,
3005030,forum,E minor,E major,dubstep,http://geo-samples.beatport.com/lofi/3005030.LOFI.mp3,,
3014118,forum,E minor,B minor,chill-out,http://geo-samples.beatport.com/lofi/3014118.LOFI.mp3,,
3015217,forum,F minor,C minor,electro-house,http://geo-samples.beatport.com/lofi/3015217.LOFI.mp3,,
3024384,forum,A minor,E minor,breaks,http://geo-samples.beatport.com/lofi/3024384.LOFI.mp3,,
3033991,endo_b,C minor,C major,deep-house,http://geo-samples.beatport.com/lofi/3033991.LOFI.mp3,My Favorite Robot,Forest Fires - VISIONQUEST
3069201,endo_b,C major,C major,pop rock,http://geo-samples.beatport.com/lofi/3069201.LOFI.mp3,Tracey Thorn,"Swimming (Visionquest Remix, Ewan Pearson Re-Edit)"
3070298,endo_a,D minor,D major,electronica,http://geo-samples.beatport.com/lofi/3070298.LOFI.mp3,Stereo:Type,"Burnout feat. Vent, Bex Riley (Original Mix)"
3076768,forum,A major,A minor,tech-house,http://geo-samples.beatport.com/lofi/3076768.LOFI.mp3,,
3093661,forum,G minor,Bb major,electro-house,http://geo-samples.beatport.com/lofi/3093661.LOFI.mp3,,
3095708,forum,G minor,Gb major,glitch-hop,http://geo-samples.beatport.com/lofi/3095708.LOFI.mp3,,
3114501,forum,Bb minor,A minor,drum-and-bass,http://geo-samples.beatport.com/lofi/3114501.LOFI.mp3,,
3116329,forum,G minor,D minor,drum-and-bass,http://geo-samples.beatport.com/lofi/3116329.LOFI.mp3,,
3129757,forum,Db minor,Gb major,trance,http://geo-samples.beatport.com/lofi/3129757.LOFI.mp3,,
3133794,forum,Ab minor,A minor,electro-house,http://geo-samples.beatport.com/lofi/3133794.LOFI.mp3,,
3137686,forum,A minor,A major,progressive-house,http://geo-samples.beatport.com/lofi/3137686.LOFI.mp3,,
3150078,endo_b,D major,D major,deep-house,http://geo-samples.beatport.com/lofi/3150078.LOFI.mp3,Maceo Plex,Under The Sheets (Original Mix)
3151513,forum,D minor,F major,deep-house,http://geo-samples.beatport.com/lofi/3151513.LOFI.mp3,,
3165770,forum,E minor,B minor,house,http://geo-samples.beatport.com/lofi/3165770.LOFI.mp3,,
3172588,endo_a,B minor,Gb minor,indie-dance nu-disco,http://geo-samples.beatport.com/lofi/3172588.LOFI.mp3,Sharam Jey,Army Of Men (Analog People In A Digital World Remix)
3178147,forum,A minor,A major,deep-house,http://geo-samples.beatport.com/lofi/3178147.LOFI.mp3,,
3178155,forum,A minor,F major,progressive-house,http://geo-samples.beatport.com/lofi/3178155.LOFI.mp3,,
3186615,forum,F minor,F major,tech-house,http://geo-samples.beatport.com/lofi/3186615.LOFI.mp3,,
3211603,forum,C minor,G minor,trance,http://geo-samples.beatport.com/lofi/3211603.LOFI.mp3,,
3211733,forum,D minor,C minor,deep-house,http://geo-samples.beatport.com/lofi/3211733.LOFI.mp3,,
3228297,forum,B minor,A major,house,http://geo-samples.beatport.com/lofi/3228297.LOFI.mp3,,
3228649,forum,Ab minor,Eb minor,progressive-house,http://geo-samples.beatport.com/lofi/3228649.LOFI.mp3,,
3228698,forum,E minor,E major,tech-house,http://geo-samples.beatport.com/lofi/3228698.LOFI.mp3,,
3229038,forum,Eb major,C minor,progressive-house,http://geo-samples.beatport.com/lofi/3229038.LOFI.mp3,,
3232851,forum,A minor,A major,techno,http://geo-samples.beatport.com/lofi/3232851.LOFI.mp3,,
3233653,endo_b,F major,F major,indie-dance nu-disco,http://geo-samples.beatport.com/lofi/3233653.LOFI.mp3,Pachanga Boys,Time (Original Mix)
3246151,forum,Bb minor,Bb major,progressive-house,http://geo-samples.beatport.com/lofi/3246151.LOFI.mp3,,
3249708,forum,F minor,F major,deep-house,http://geo-samples.beatport.com/lofi/3249708.LOFI.mp3,,
3250632,forum,F minor,F major,trance,http://geo-samples.beatport.com/lofi/3250632.LOFI.mp3,,
3257231,forum,E minor,G major,trance,http://geo-samples.beatport.com/lofi/3257231.LOFI.mp3,,
3260121,forum,Ab minor,Ab major,progressive-house,http://geo-samples.beatport.com/lofi/3260121.LOFI.mp3,,
3262951,forum,C minor,Eb major,progressive-house,http://geo-samples.beatport.com/lofi/3262951.LOFI.mp3,,
3270413,forum,A minor,G major,house,http://geo-samples.beatport.com/lofi/3270413.LOFI.mp3,,
3271514,endo_b,A minor,A minor,house,http://geo-samples.beatport.com/lofi/3271514.LOFI.mp3,Mario & Vidis,Suspend The Feeling feat. Giedre (12-Inch Edit)
3272873,forum,B minor,B major,progressive-house,http://geo-samples.beatport.com/lofi/3272873.LOFI.mp3,,
3274260,forum,D minor,A minor,house,http://geo-samples.beatport.com/lofi/3274260.LOFI.mp3,,
3275147,forum,F minor,C minor,progressive-house,http://geo-samples.beatport.com/lofi/3275147.LOFI.mp3,,
3284384,forum,A minor,B major,house,http://geo-samples.beatport.com/lofi/3284384.LOFI.mp3,,
3288636,forum,A minor,A major,progressive-house,http://geo-samples.beatport.com/lofi/3288636.LOFI.mp3,,
3298344,forum,F minor,F major,dubstep,http://geo-samples.beatport.com/lofi/3298344.LOFI.mp3,,
3302298,forum,C minor,Bb major,house,http://geo-samples.beatport.com/lofi/3302298.LOFI.mp3,,
3302451,forum,B minor,D major,progressive-house,http://geo-samples.beatport.com/lofi/3302451.LOFI.mp3,,
3313070,forum,B minor,D major,progressive-house,http://geo-samples.beatport.com/lofi/3313070.LOFI.mp3,,
3313145,forum,E major,Db minor,electro-house,http://geo-samples.beatport.com/lofi/3313145.LOFI.mp3,,
3317232,forum,C minor,G minor,progressive-house,http://geo-samples.beatport.com/lofi/3317232.LOFI.mp3,,
3317417,forum,G minor,Bb major,progressive-house,http://geo-samples.beatport.com/lofi/3317417.LOFI.mp3,,
3319290,forum,F major,C minor,progressive-house,http://geo-samples.beatport.com/lofi/3319290.LOFI.mp3,,
3319589,forum,Gb minor,E minor,trance,http://geo-samples.beatport.com/lofi/3319589.LOFI.mp3,,
3324024,endo_b,Ab minor,Ab minor,tech-house,http://geo-samples.beatport.com/lofi/3324024.LOFI.mp3,Raffa FL,Hot For You (Hot Since 82 Dub)
3334441,forum,G minor,Bb major,trance,http://geo-samples.beatport.com/lofi/3334441.LOFI.mp3,,
3334471,forum,Gb minor,Db minor,trance,http://geo-samples.beatport.com/lofi/3334471.LOFI.mp3,,
3338963,forum,G minor,D minor,psy-trance,http://geo-samples.beatport.com/lofi/3338963.LOFI.mp3,,
3339291,forum,G minor,B minor,techno,http://geo-samples.beatport.com/lofi/3339291.LOFI.mp3,,
3344291,forum,D minor,Eb minor,tech-house,http://geo-samples.beatport.com/lofi/3344291.LOFI.mp3,,
3345479,forum,D minor,F major,house,http://geo-samples.beatport.com/lofi/3345479.LOFI.mp3,,
3349486,forum,F minor,F major,electronica,http://geo-samples.beatport.com/lofi/3349486.LOFI.mp3,,
3349967,forum,Eb minor,Db major,house,http://geo-samples.beatport.com/lofi/3349967.LOFI.mp3,,
3354212,forum,Gb major,Bb minor,progressive-house,http://geo-samples.beatport.com/lofi/3354212.LOFI.mp3,,
3356535,forum,F minor,A minor,progressive-house,http://geo-samples.beatport.com/lofi/3356535.LOFI.mp3,,
3361547,forum,G minor,D minor,progressive-house,http://geo-samples.beatport.com/lofi/3361547.LOFI.mp3,,
3361909,endo_b,Eb major,Eb major,house,http://geo-samples.beatport.com/lofi/3361909.LOFI.mp3,Goldfrapp,Strict Machine (Jamie Jones Remix)
3363196,forum,E minor,E major,electro-house,http://geo-samples.beatport.com/lofi/3363196.LOFI.mp3,,
3363602,forum,B minor,D minor,progressive-house,http://geo-samples.beatport.com/lofi/3363602.LOFI.mp3,,
3364661,forum,A major,A major,trance,http://geo-samples.beatport.com/lofi/3364661.LOFI.mp3,,
3367551,forum,Db minor,E major,progressive-house,http://geo-samples.beatport.com/lofi/3367551.LOFI.mp3,,
3367553,forum,Db minor,E major,progressive-house,http://geo-samples.beatport.com/lofi/3367553.LOFI.mp3,,
3367555,forum,Eb minor,Eb major,trance,http://geo-samples.beatport.com/lofi/3367555.LOFI.mp3,,
3368117,forum,E minor,A minor,glitch-hop,http://geo-samples.beatport.com/lofi/3368117.LOFI.mp3,,
3372108,forum,Eb minor,Bb minor,trance,http://geo-samples.beatport.com/lofi/3372108.LOFI.mp3,,
3377323,forum,F minor,F major,tech-house,http://geo-samples.beatport.com/lofi/3377323.LOFI.mp3,,
3379400,forum,C minor,Eb major,electro-house,http://geo-samples.beatport.com/lofi/3379400.LOFI.mp3,,
3383171,forum,A minor,A major,progressive-house,http://geo-samples.beatport.com/lofi/3383171.LOFI.mp3,,
3387619,endo_b,A minor,A minor,indie-dance nu-disco,http://geo-samples.beatport.com/lofi/3387619.LOFI.mp3,Finnebassen,If You Only Knew (Original Mix)
3389317,forum,A minor,E major,electro-house,http://geo-samples.beatport.com/lofi/3389317.LOFI.mp3,,
3390952,forum,C minor,C major,trance,http://geo-samples.beatport.com/lofi/3390952.LOFI.mp3,,
3395666,endo_b,Gb minor,Gb minor,deep-house,http://geo-samples.beatport.com/lofi/3395666.LOFI.mp3,Guy Gerber,The Mirror Game
3397932,forum,B minor,A minor,drum-and-bass,http://geo-samples.beatport.com/lofi/3397932.LOFI.mp3,,
3400782,forum,F minor,Bb minor,drum-and-bass,http://geo-samples.beatport.com/lofi/3400782.LOFI.mp3,,
3402886,forum,Gb major,Gb major,dubstep,http://geo-samples.beatport.com/lofi/3402886.LOFI.mp3,,
3402887,forum,F minor,F major,electro-house,http://geo-samples.beatport.com/lofi/3402887.LOFI.mp3,,
3402888,forum,D minor,A minor,progressive-house,http://geo-samples.beatport.com/lofi/3402888.LOFI.mp3,,
3409548,forum,Eb minor,Bb major,electronica,http://geo-samples.beatport.com/lofi/3409548.LOFI.mp3,,
3415063,forum,G minor,F major,electro-house,http://geo-samples.beatport.com/lofi/3415063.LOFI.mp3,,
3415421,forum,E minor,D major,progressive-house,http://geo-samples.beatport.com/lofi/3415421.LOFI.mp3,,
3424038,forum,Db minor,Db major,electronica,http://geo-samples.beatport.com/lofi/3424038.LOFI.mp3,,
3426022,endo_b,D minor,D minor,indie-dance nu-disco,http://geo-samples.beatport.com/lofi/3426022.LOFI.mp3,Flight Facilities,With You Feat. Grovesnor (David August Remix)
3426285,endo_b,Eb minor,Eb minor,deep-house,http://geo-samples.beatport.com/lofi/3426285.LOFI.mp3,Karmon,Turning Point
3428673,endo_b,C minor,C minor,deep-house,http://geo-samples.beatport.com/lofi/3428673.LOFI.mp3,Doctor Dru,The Voice Of Dru (Original Mix)
3432247,forum,E minor,G major,progressive-house,http://geo-samples.beatport.com/lofi/3432247.LOFI.mp3,,
3434746,forum,A minor,F major,electro-house,http://geo-samples.beatport.com/lofi/3434746.LOFI.mp3,,
3443052,endo_b,Bb minor,Bb minor,house,http://geo-samples.beatport.com/lofi/3443052.LOFI.mp3,David Morales,Golden Era (Disco Mix)
3450181,forum,C minor,G minor,techno,http://geo-samples.beatport.com/lofi/3450181.LOFI.mp3,,
3467773,forum,Bb minor,Db major,progressive-house,http://geo-samples.beatport.com/lofi/3467773.LOFI.mp3,,
3478184,endo_b,Eb minor,Eb minor,tech-house,http://geo-samples.beatport.com/lofi/3478184.LOFI.mp3,"Shonky, Dan Ghenacia",Close To The Edge (Original Mix)
3479363,forum,Eb minor,B minor,house,http://geo-samples.beatport.com/lofi/3479363.LOFI.mp3,,
3480108,forum,Gb minor,Gb major,hard-dance,http://geo-samples.beatport.com/lofi/3480108.LOFI.mp3,,
3482733,forum,G minor,G major,drum-and-bass,http://geo-samples.beatport.com/lofi/3482733.LOFI.mp3,,
3516363,forum,G minor,F major,tech-house,http://geo-samples.beatport.com/lofi/3516363.LOFI.mp3,,
3517044,forum,F minor,Ab major,progressive-house,http://geo-samples.beatport.com/lofi/3517044.LOFI.mp3,,
3518768,forum,Eb major,Eb major,progressive-house,http://geo-samples.beatport.com/lofi/3518768.LOFI.mp3,,
3518921,endo_b,B minor,B minor,deep-house,http://geo-samples.beatport.com/lofi/3518921.LOFI.mp3,Jori Hulkkonen as Third Culture,Options feat. Harri Falck (Radio Edit)
3519499,forum,G minor,Ab minor,electro-house,http://geo-samples.beatport.com/lofi/3519499.LOFI.mp3,,
3523229,forum,A minor,C major,drum-and-bass,http://geo-samples.beatport.com/lofi/3523229.LOFI.mp3,,
3524408,endo_b,Gb minor,Gb minor,deep-house,http://geo-samples.beatport.com/lofi/3524408.LOFI.mp3,Monte,True (Original Mix)
3526370,forum,G minor,Bb major,electro-house,http://geo-samples.beatport.com/lofi/3526370.LOFI.mp3,,
3533310,endo_b,B major,B major,deep-house,http://geo-samples.beatport.com/lofi/3533310.LOFI.mp3,My Favorite Robot,Barricade (Original)
3533740,endo_b,B minor,A major,deep-house,http://geo-samples.beatport.com/lofi/3533740.LOFI.mp3,Jamie Jones,City At Night Featuring Surveillance Party 2010
3533956,endo_b,G minor,G minor,deep-house,http://geo-samples.beatport.com/lofi/3533956.LOFI.mp3,Walker & Royce,You're Not Welcome (Francesca Lombardo Remix)
3535112,forum,Bb minor,none,progressive-house,http://geo-samples.beatport.com/lofi/3535112.LOFI.mp3,,
3542099,forum,F minor,C minor,dubstep,http://geo-samples.beatport.com/lofi/3542099.LOFI.mp3,,
3545728,forum,F minor,F major,trance,http://geo-samples.beatport.com/lofi/3545728.LOFI.mp3,,
3561744,forum,G minor,Gb minor,dubstep,http://geo-samples.beatport.com/lofi/3561744.LOFI.mp3,,
3568438,forum,Ab major,C minor,drum-and-bass,http://geo-samples.beatport.com/lofi/3568438.LOFI.mp3,,
3568459,forum,G major,B minor,drum-and-bass,http://geo-samples.beatport.com/lofi/3568459.LOFI.mp3,,
3568465,forum,A minor,B minor,drum-and-bass,http://geo-samples.beatport.com/lofi/3568465.LOFI.mp3,,
3571314,endo_b,Db minor,A major,deep-house,http://geo-samples.beatport.com/lofi/3571314.LOFI.mp3,Oscar G.,Hypnotized feat Stryke (Climbers Remix)
3572701,forum,F minor,F major,electronica,http://geo-samples.beatport.com/lofi/3572701.LOFI.mp3,,
3572702,forum,E minor,B major,electronica,http://geo-samples.beatport.com/lofi/3572702.LOFI.mp3,,
3574815,forum,A minor,E minor,dubstep,http://geo-samples.beatport.com/lofi/3574815.LOFI.mp3,,
3589347,forum,C minor,none,progressive-house,http://geo-samples.beatport.com/lofi/3589347.LOFI.mp3,,
3590070,forum,Gb minor,A major,drum-and-bass,http://geo-samples.beatport.com/lofi/3590070.LOFI.mp3,,
3596904,forum,A major,none,electro-house,http://geo-samples.beatport.com/lofi/3596904.LOFI.mp3,,
3602280,forum,G minor,C minor,techno,http://geo-samples.beatport.com/lofi/3602280.LOFI.mp3,,
3602282,forum,E minor,A minor,minimal,http://geo-samples.beatport.com/lofi/3602282.LOFI.mp3,,
3625299,forum,G minor,Bb major,dubstep,http://geo-samples.beatport.com/lofi/3625299.LOFI.mp3,,
3625787,endo_b,C minor,C minor,deep-house,http://geo-samples.beatport.com/lofi/3625787.LOFI.mp3,Cameo Culture,Night Swimming
3625788,endo_b,G minor,G minor,deep-house,http://geo-samples.beatport.com/lofi/3625788.LOFI.mp3,Cameo Culture,Parts Of You And I
3628628,forum,B major,E minor,tech-house,http://geo-samples.beatport.com/lofi/3628628.LOFI.mp3,,
3629467,endo_b,Db minor,Db minor,progressive-house,http://geo-samples.beatport.com/lofi/3629467.LOFI.mp3,Glenn Morrison,Mine Yours (Quivver)
3629920,forum,G minor,G major,drum-and-bass,http://geo-samples.beatport.com/lofi/3629920.LOFI.mp3,,
3633852,endo_b,B minor,D major,electronica,http://geo-samples.beatport.com/lofi/3633852.LOFI.mp3,"Soul Clap, Deniz Kurtel",Safe Word feat. Navid Izadi (Original Mix)
3638836,endo_b,F major,F major,deep-house,http://geo-samples.beatport.com/lofi/3638836.LOFI.mp3,Francesca Lombardo,Sofiel 
3641166,endo_b,E minor,E minor,deep-house,http://geo-samples.beatport.com/lofi/3641166.LOFI.mp3,"Matt Tolfrey, Maher Daniel",It Ain't Over Yet (Gavin Herlihy Remix)
3642384,endo_b,Eb minor,Bb minor,tech-house,http://geo-samples.beatport.com/lofi/3642384.LOFI.mp3,Slok,Lonely Child (2012 Mix)
3642409,endo_b,Ab minor,Ab minor,tech-house,http://geo-samples.beatport.com/lofi/3642409.LOFI.mp3,Mark Henning,Chicago Sunrise (1998 Edit)  
3648814,forum,B minor,B major,techno,http://geo-samples.beatport.com/lofi/3648814.LOFI.mp3,,
3661550,forum,A minor,A major,minimal,http://geo-samples.beatport.com/lofi/3661550.LOFI.mp3,,
3667215,forum,Ab minor,B major,electro-house,http://geo-samples.beatport.com/lofi/3667215.LOFI.mp3,,
3667683,endo_b,G minor,G minor,deep-house,http://geo-samples.beatport.com/lofi/3667683.LOFI.mp3,Climbers,Hypnotic Vision (Original Mix)
3668409,forum,E minor,B minor,trance,http://geo-samples.beatport.com/lofi/3668409.LOFI.mp3,,
3681890,forum,C major,G major,progressive-house,http://geo-samples.beatport.com/lofi/3681890.LOFI.mp3,,
3686302,forum,D minor,D major,trance,http://geo-samples.beatport.com/lofi/3686302.LOFI.mp3,,
3687442,endo_b,Ab minor,Eb minor,indie-dance nu-disco,http://geo-samples.beatport.com/lofi/3687442.LOFI.mp3,The Crooners,Blame (Tiger Stripes Remix)
3695262,endo_b,F minor,F minor,tech-house,http://geo-samples.beatport.com/lofi/3695262.LOFI.mp3,Oxia,Harmonie (Simon Mattson Remix)
3696226,endo_b,Ab minor,Ab major,deep-house,http://geo-samples.beatport.com/lofi/3696226.LOFI.mp3,Denney,Ultraviolet
3701975,forum,F major,F major,chill-out,http://geo-samples.beatport.com/lofi/3701975.LOFI.mp3,,
3703893,forum,E major,none,progressive-house,http://geo-samples.beatport.com/lofi/3703893.LOFI.mp3,,
3706570,endo_b,Eb minor,Eb minor,deep-house,http://geo-samples.beatport.com/lofi/3706570.LOFI.mp3,"Roland Clark, Andre Crom, Martin Dawson",Back To The Future Feat. Roland Clark (Monte Remix)
3713557,endo_b,Bb minor,Bb minor,deep-house,http://geo-samples.beatport.com/lofi/3713557.LOFI.mp3,Him Self Her,Gone Too Long (Original Mix)
3725440,forum,F minor,C minor,dubstep,http://geo-samples.beatport.com/lofi/3725440.LOFI.mp3,,
3740062,forum,F minor,Ab major,dubstep,http://geo-samples.beatport.com/lofi/3740062.LOFI.mp3,,
3753635,forum,F major,C major,hardcore hard-techno,http://geo-samples.beatport.com/lofi/3753635.LOFI.mp3,,
3757006,endo_b,Eb major,Eb major,house,http://geo-samples.beatport.com/lofi/3757006.LOFI.mp3,Nneka,Shining Star (Joe Goddard Remix)
3759800,forum,B minor,D major,electro-house,http://geo-samples.beatport.com/lofi/3759800.LOFI.mp3,,
3767408,endo_b,G minor,G minor,house,http://geo-samples.beatport.com/lofi/3767408.LOFI.mp3,"Miguel Campbell, Ricky Ahmed",Tell Me (Original Mix)
3772753,endo_b,D minor,A minor,deep-house,http://geo-samples.beatport.com/lofi/3772753.LOFI.mp3,Robosonic,The Edge (Original Mix)
3773561,endo_b,D minor,D minor,deep-house,http://geo-samples.beatport.com/lofi/3773561.LOFI.mp3,Sidney Charles,Don't Go (Doctor Dru Remix)
3776015,forum,Ab minor,A minor,techno,http://geo-samples.beatport.com/lofi/3776015.LOFI.mp3,,
3789116,endo_b,E minor,B minor,deep-house,http://geo-samples.beatport.com/lofi/3789116.LOFI.mp3,Maceo Plex & Jon Dasilva,Love Somebody Else feat. Joi Cardwell
3789117,endo_b,Bb minor,Bb minor,deep-house,http://geo-samples.beatport.com/lofi/3789117.LOFI.mp3,Maceo Plex & Jon Dasilva,Future Musik (A Tribute To Closer Musik)
3792959,endo_b,E minor,A major,deep-house,http://geo-samples.beatport.com/lofi/3792959.LOFI.mp3,"Pete Tong, S.Y.F.",Dawn feat. S.Y.F. (Hot Since 82 Remix)
3794008,forum,Db minor,Db major,psy-trance,http://geo-samples.beatport.com/lofi/3794008.LOFI.mp3,,
3813682,forum,G minor,G minor,hip-hop,http://geo-samples.beatport.com/lofi/3813682.LOFI.mp3,,
3822226,endo_b,Ab minor,Gb major,deep-house,http://geo-samples.beatport.com/lofi/3822226.LOFI.mp3,"Amber Jolene, Nolan",Go Slow (Finnebassen Remix)
3826491,forum,D minor,D major,techno,http://geo-samples.beatport.com/lofi/3826491.LOFI.mp3,,
3829561,endo_b,Bb minor,Bb minor,deep-house,http://geo-samples.beatport.com/lofi/3829561.LOFI.mp3,Daniel Dubb,I Got 5 On It (Original Rework)
3833050,endo_b,Db major,Db major,tech-house,http://geo-samples.beatport.com/lofi/3833050.LOFI.mp3,Nick Curly,You Don't Have To Hopp (Guti Remix)
3836490,endo_b,F minor,F minor,deep-house,http://geo-samples.beatport.com/lofi/3836490.LOFI.mp3,Guy Gerber,The Golden Sun And The Silver Moon (Original)
3841927,forum,C minor,Bb major,indie-dance nu-disco,http://geo-samples.beatport.com/lofi/3841927.LOFI.mp3,,
3858289,endo_b,A minor,A minor,indie-dance nu-disco,http://geo-samples.beatport.com/lofi/3858289.LOFI.mp3,Hot Natured,Benediction 
3858324,endo_b,B minor,B minor,deep-house,http://geo-samples.beatport.com/lofi/3858324.LOFI.mp3,Miguel Campbell,Flight School
3858331,endo_b,C minor,C minor,deep-house,http://geo-samples.beatport.com/lofi/3858331.LOFI.mp3,Miguel Campbell,The Avenger
3873733,endo_a,Eb minor,Eb minor,deep-house,http://geo-samples.beatport.com/lofi/3873733.LOFI.mp3,Romano Alfieri,Leave The Valley (Original Mix)
3892740,forum,D major,none,pop rock,http://geo-samples.beatport.com/lofi/3892740.LOFI.mp3,,
3914630,forum,Gb major,A major,drum-and-bass,http://geo-samples.beatport.com/lofi/3914630.LOFI.mp3,,
3930672,endo_b,D minor,D minor,deep-house,http://geo-samples.beatport.com/lofi/3930672.LOFI.mp3,Karmon,Take My Hand Feat. Terry Shand (Dub Version)
3935095,forum,E minor,A minor,trance,http://geo-samples.beatport.com/lofi/3935095.LOFI.mp3,,
3938837,endo_b,E minor,E minor,deep-house,http://geo-samples.beatport.com/lofi/3938837.LOFI.mp3,"Finnebassen, Gundelach",Footsteps (Original Mix)
3939148,forum,G minor,G major,drum-and-bass,http://geo-samples.beatport.com/lofi/3939148.LOFI.mp3,,
3949799,forum,A major,C major,progressive-house,http://geo-samples.beatport.com/lofi/3949799.LOFI.mp3,,
3954078,forum,A minor,G major,progressive-house,http://geo-samples.beatport.com/lofi/3954078.LOFI.mp3,,
3954191,endo_b,F minor,F major,deep-house,http://geo-samples.beatport.com/lofi/3954191.LOFI.mp3,Finnebassen,Touching Me (Original Mix)
3958396,forum,A major,C major,electronica,http://geo-samples.beatport.com/lofi/3958396.LOFI.mp3,,
3958397,forum,A minor,C major,electronica,http://geo-samples.beatport.com/lofi/3958397.LOFI.mp3,,
3958398,forum,G minor,F major,house,http://geo-samples.beatport.com/lofi/3958398.LOFI.mp3,,
3958755,forum,Eb minor,G minor,progressive-house,http://geo-samples.beatport.com/lofi/3958755.LOFI.mp3,,
3958861,forum,E minor,G major,trance,http://geo-samples.beatport.com/lofi/3958861.LOFI.mp3,,
3963180,endo_b,Gb minor,Gb minor,deep-house,http://geo-samples.beatport.com/lofi/3963180.LOFI.mp3,"Betoko, Maurice Marshall",Not Alone feat. Maurice Marshall (Climbers Grey Sky Remix)
3967462,forum,E minor,A minor,deep-house,http://geo-samples.beatport.com/lofi/3967462.LOFI.mp3,,
3969868,forum,F minor,Eb major,chill-out,http://geo-samples.beatport.com/lofi/3969868.LOFI.mp3,,
3971416,endo_b,D minor,D minor,deep-house,http://geo-samples.beatport.com/lofi/3971416.LOFI.mp3,Hot Since 82,Knee Deep in Louise (Original Mix)
3979989,endo_b,Eb minor,Bb minor,deep-house,http://geo-samples.beatport.com/lofi/3979989.LOFI.mp3,Tiger Stripes,Out of Phase
3980001,forum,D minor,F minor,chill-out,http://geo-samples.beatport.com/lofi/3980001.LOFI.mp3,,
3986537,forum,Gb minor,A major,electro-house,http://geo-samples.beatport.com/lofi/3986537.LOFI.mp3,,
3992511,endo_b,Eb minor,Bb minor,deep-house,http://geo-samples.beatport.com/lofi/3992511.LOFI.mp3,Maceo Plex,Stimulation
3995054,forum,C major,C minor,chill-out,http://geo-samples.beatport.com/lofi/3995054.LOFI.mp3,,
3997722,endo_b,F minor,F major,deep-house,http://geo-samples.beatport.com/lofi/3997722.LOFI.mp3,Gab Rhome,1990 As In Gold Was Born
4002242,forum,A minor,E minor,progressive-house,http://geo-samples.beatport.com/lofi/4002242.LOFI.mp3,,
4014747,forum,C minor,G minor,techno,http://geo-samples.beatport.com/lofi/4014747.LOFI.mp3,,
4014749,forum,C minor,G minor,techno,http://geo-samples.beatport.com/lofi/4014749.LOFI.mp3,,
4018247,forum,G minor,none,chill-out,http://geo-samples.beatport.com/lofi/4018247.LOFI.mp3,,
4021075,forum,F minor,F major,electro-house,http://geo-samples.beatport.com/lofi/4021075.LOFI.mp3,,
4045225,endo_b,Db minor,A major,tech-house,http://geo-samples.beatport.com/lofi/4045225.LOFI.mp3,Butch feat. Hohberg,Horus
4048367,forum,B minor,D major,trance,http://geo-samples.beatport.com/lofi/4048367.LOFI.mp3,,
4049579,forum,G minor,D minor,progressive-house,http://geo-samples.beatport.com/lofi/4049579.LOFI.mp3,,
4060751,forum,Eb minor,Bb minor,progressive-house,http://geo-samples.beatport.com/lofi/4060751.LOFI.mp3,,
4062807,forum,E minor,E major,deep-house,http://geo-samples.beatport.com/lofi/4062807.LOFI.mp3,,
4066359,forum,Eb major,Bb major,electro-house,http://geo-samples.beatport.com/lofi/4066359.LOFI.mp3,,
4066435,endo_a,Bb minor,Bb minor,deep-house,http://geo-samples.beatport.com/lofi/4066435.LOFI.mp3,Dyed Soundorom,What They Say (Dyed Soundorom Remix)
4086909,forum,G minor,D major,electro-house,http://geo-samples.beatport.com/lofi/4086909.LOFI.mp3,,
4088665,forum,D minor,C major,progressive-house,http://geo-samples.beatport.com/lofi/4088665.LOFI.mp3,,
4091478,forum,A minor,A major,electro-house,http://geo-samples.beatport.com/lofi/4091478.LOFI.mp3,,
4093657,forum,Db minor,Eb minor,breaks,http://geo-samples.beatport.com/lofi/4093657.LOFI.mp3,,
4093908,forum,C minor,G minor,deep-house,http://geo-samples.beatport.com/lofi/4093908.LOFI.mp3,,
4098993,forum,G minor,Bb major,house,http://geo-samples.beatport.com/lofi/4098993.LOFI.mp3,,
4104235,forum,F minor,F major,electro-house,http://geo-samples.beatport.com/lofi/4104235.LOFI.mp3,,
4107957,forum,Db minor,Gb minor,dj-tools,http://geo-samples.beatport.com/lofi/4107957.LOFI.mp3,,
4125044,forum,F minor,Ab major,house,http://geo-samples.beatport.com/lofi/4125044.LOFI.mp3,,
4153238,endo_b,A minor,A minor,house,http://geo-samples.beatport.com/lofi/4153238.LOFI.mp3,Infinity Ink,Infinity - Claude VonStroke Remix
4162405,forum,A minor,none,progressive-house,http://geo-samples.beatport.com/lofi/4162405.LOFI.mp3,,
4166222,forum,E minor,none,deep-house,http://geo-samples.beatport.com/lofi/4166222.LOFI.mp3,,
4167325,forum,F minor,F major,electro-house,http://geo-samples.beatport.com/lofi/4167325.LOFI.mp3,,
4173942,forum,C major,C major,progressive-house,http://geo-samples.beatport.com/lofi/4173942.LOFI.mp3,,
4186982,forum,G minor,D major,progressive-house,http://geo-samples.beatport.com/lofi/4186982.LOFI.mp3,,
4188100,forum,Bb minor,B minor,electro-house,http://geo-samples.beatport.com/lofi/4188100.LOFI.mp3,,
4191993,forum,E minor,B minor,progressive-house,http://geo-samples.beatport.com/lofi/4191993.LOFI.mp3,,
4200490,forum,Gb minor,A major,electro-house,http://geo-samples.beatport.com/lofi/4200490.LOFI.mp3,,
4202763,djtechtools,A minor,A minor,reggae dub,http://geo-samples.beatport.com/lofi/4202763.LOFI.mp3,"Dub Pistols, Rodney P, Darrison",Gunshot (Jinx In Dub Remix)
4206954,forum,D minor,D major,electro-house,http://geo-samples.beatport.com/lofi/4206954.LOFI.mp3,,
4207145,forum,Eb minor,Gb major,drum-and-bass,http://geo-samples.beatport.com/lofi/4207145.LOFI.mp3,,
4231980,forum,C minor,Bb minor,deep-house,http://geo-samples.beatport.com/lofi/4231980.LOFI.mp3,,
4234612,forum,C minor,C major,trance,http://geo-samples.beatport.com/lofi/4234612.LOFI.mp3,,
4254573,forum,C minor,Eb major,progressive-house,http://geo-samples.beatport.com/lofi/4254573.LOFI.mp3,,
4262569,forum,Eb minor,Gb major,electronica,http://geo-samples.beatport.com/lofi/4262569.LOFI.mp3,,
4275052,forum,D major,none,progressive-house,http://geo-samples.beatport.com/lofi/4275052.LOFI.mp3,,
4277742,forum,F minor,F major,electro-house,http://geo-samples.beatport.com/lofi/4277742.LOFI.mp3,,
4284574,forum,G major,A minor,house,http://geo-samples.beatport.com/lofi/4284574.LOFI.mp3,,
4293025,forum,A minor,A major,electro-house,http://geo-samples.beatport.com/lofi/4293025.LOFI.mp3,,
4297635,forum,B minor,E minor,progressive-house,http://geo-samples.beatport.com/lofi/4297635.LOFI.mp3,,
4302974,forum,E minor,E major,progressive-house,http://geo-samples.beatport.com/lofi/4302974.LOFI.mp3,,
4315749,forum,F minor,F major,electro-house,http://geo-samples.beatport.com/lofi/4315749.LOFI.mp3,,
4320199,endo_a,Eb minor,Eb minor,indie-dance nu-disco,http://geo-samples.beatport.com/lofi/4320199.LOFI.mp3,Freska,Honey From Within (Original Mix)
4325645,forum,C minor,Bb major,house,http://geo-samples.beatport.com/lofi/4325645.LOFI.mp3,,
4325646,forum,Gb minor,A major,deep-house,http://geo-samples.beatport.com/lofi/4325646.LOFI.mp3,,
4327665,endo_a,E minor,E minor,house,http://geo-samples.beatport.com/lofi/4327665.LOFI.mp3,Santos,Zagros Fest (Original Mix)
4328155,forum,C minor,C major,techno,http://geo-samples.beatport.com/lofi/4328155.LOFI.mp3,,
4328388,forum,F minor,F major,trance,http://geo-samples.beatport.com/lofi/4328388.LOFI.mp3,,
4359736,forum,F minor,F major,electro-house,http://geo-samples.beatport.com/lofi/4359736.LOFI.mp3,,
4360488,forum,F minor,Gb minor,drum-and-bass,http://geo-samples.beatport.com/lofi/4360488.LOFI.mp3,,
4361260,forum,C minor,C major,breaks,http://geo-samples.beatport.com/lofi/4361260.LOFI.mp3,,
4364668,forum,Ab minor,D minor,electro-house,http://geo-samples.beatport.com/lofi/4364668.LOFI.mp3,,
4366506,forum,Eb minor,Eb minor,electronica,http://geo-samples.beatport.com/lofi/4366506.LOFI.mp3,,
4371042,forum,D minor,A minor,psy-trance,http://geo-samples.beatport.com/lofi/4371042.LOFI.mp3,,
4399289,forum,C major,C major,drum-and-bass,http://geo-samples.beatport.com/lofi/4399289.LOFI.mp3,,
4424988,forum,Ab minor,Gb major,progressive-house,http://geo-samples.beatport.com/lofi/4424988.LOFI.mp3,,
4433083,forum,Bb minor,Bb major,trance,http://geo-samples.beatport.com/lofi/4433083.LOFI.mp3,,
4440292,forum,Ab minor,Eb minor,trance,http://geo-samples.beatport.com/lofi/4440292.LOFI.mp3,,
4450726,forum,E major,B minor,trance,http://geo-samples.beatport.com/lofi/4450726.LOFI.mp3,,
4452003,forum,Gb minor,A minor,electronica,http://geo-samples.beatport.com/lofi/4452003.LOFI.mp3,,
4452122,forum,Bb minor,Bb major,trance,http://geo-samples.beatport.com/lofi/4452122.LOFI.mp3,,
4453556,forum,G minor,D minor,breaks,http://geo-samples.beatport.com/lofi/4453556.LOFI.mp3,,
4476610,endo_a,Eb minor,Eb minor,progressive-house,http://geo-samples.beatport.com/lofi/4476610.LOFI.mp3,Martin Roth,Deep Style (Original Mix)
4483817,forum,Ab minor,Ab minor,progressive-house,http://geo-samples.beatport.com/lofi/4483817.LOFI.mp3,,
4485436,forum,F minor,F major,electro-house,http://geo-samples.beatport.com/lofi/4485436.LOFI.mp3,,
4498388,djtechtools,D minor,D minor,funk r&b,http://geo-samples.beatport.com/lofi/4498388.LOFI.mp3,Basement Freaks,Going out Tonight
4505122,forum,Eb major,Gb major,electro-house,http://geo-samples.beatport.com/lofi/4505122.LOFI.mp3,,
4508323,djtechtools,B minor,B minor,reggae dub,http://geo-samples.beatport.com/lofi/4508323.LOFI.mp3,Bob Marley & The Wailers,Could You Be Loved (RAC Remix)
4540971,forum,Bb minor,none,trance,http://geo-samples.beatport.com/lofi/4540971.LOFI.mp3,,
4566667,forum,Gb minor,none,trance,http://geo-samples.beatport.com/lofi/4566667.LOFI.mp3,,
4573655,djtechtools,E minor,E minor,chill-out,http://geo-samples.beatport.com/lofi/4573655.LOFI.mp3,Rodg,Jacqueline (Chill Mix)
4596347,forum,F minor,F major,progressive-house,http://geo-samples.beatport.com/lofi/4596347.LOFI.mp3,,
4609349,endo_a,A minor,A minor,dubstep,http://geo-samples.beatport.com/lofi/4609349.LOFI.mp3,Freestylers,Cracks (Flux Pavilion Remix)
4615188,djtechtools,Ab minor,Ab minor,hip-hop,http://geo-samples.beatport.com/lofi/4615188.LOFI.mp3,K Theory,UBS (2013 VIP Mix)
4657878,djtechtools,Gb minor,Gb minor,hard-dance,http://geo-samples.beatport.com/lofi/4657878.LOFI.mp3,"Hardwell, Dyro, Bright Lights",Never Say Goodbye (Wildstylez Remix)
4661735,forum,G minor,Bb major,glitch-hop,http://geo-samples.beatport.com/lofi/4661735.LOFI.mp3,,
4666231,forum,F minor,D minor,drum-and-bass,http://geo-samples.beatport.com/lofi/4666231.LOFI.mp3,,
4666417,forum,A major,E major,trance,http://geo-samples.beatport.com/lofi/4666417.LOFI.mp3,,
4688833,djtechtools,A minor,A minor,funk r&b,http://geo-samples.beatport.com/lofi/4688833.LOFI.mp3,Barclay & Cream,Groove Is In The Heart (Alexander Metzger Beat Mix)
4693198,forum,E major,none,tech-house,http://geo-samples.beatport.com/lofi/4693198.LOFI.mp3,,
4702235,djtechtools,D major,D major,reggae dub,http://geo-samples.beatport.com/lofi/4702235.LOFI.mp3,Avicii,Wake Me Up (Reggae Remix)
4723905,forum,F minor,F major,trance,http://geo-samples.beatport.com/lofi/4723905.LOFI.mp3,,
4735775,endo_a,Eb minor,Eb minor,deep-house,http://geo-samples.beatport.com/lofi/4735775.LOFI.mp3,Paul Cart,Coconuts (SIS Remix)
4755348,djtechtools,G minor,G minor,pop rock,http://geo-samples.beatport.com/lofi/4755348.LOFI.mp3,Sweat Box,Applause (Criminal Minds Remix)
4758620,djtechtools,F minor,F major,hard-dance,http://geo-samples.beatport.com/lofi/4758620.LOFI.mp3,"Technoboy, Isaac",Digital Playground
4779657,forum,Bb major,C major,progressive-house,http://geo-samples.beatport.com/lofi/4779657.LOFI.mp3,,
4786362,djtechtools,C minor,C minor,techno,http://geo-samples.beatport.com/lofi/4786362.LOFI.mp3,Harvey Mckay,Lost
4802314,djtechtools,E minor,B major,hardcore hard-techno,http://geo-samples.beatport.com/lofi/4802314.LOFI.mp3,Chris David,Winking Wasps (Dario Sorano Remix)
4815758,forum,C minor,G minor,electro-house,http://geo-samples.beatport.com/lofi/4815758.LOFI.mp3,,
4817706,forum,Db minor,Db major,trance,http://geo-samples.beatport.com/lofi/4817706.LOFI.mp3,,
4823611,forum,A minor,none,minimal,http://geo-samples.beatport.com/lofi/4823611.LOFI.mp3,,
4824580,forum,C minor,Bb major,deep-house,http://geo-samples.beatport.com/lofi/4824580.LOFI.mp3,,
4827420,forum,Gb minor,Gb major,progressive-house,http://geo-samples.beatport.com/lofi/4827420.LOFI.mp3,,
4834156,djtechtools,D minor,D minor,chill-out,http://geo-samples.beatport.com/lofi/4834156.LOFI.mp3,Framewerk,Electric Religion (Original Mix)
4840289,djtechtools,E minor,E minor,minimal,http://geo-samples.beatport.com/lofi/4840289.LOFI.mp3,Glitter,Dance Floor
4842349,djtechtools,G minor,G minor,pop rock,http://geo-samples.beatport.com/lofi/4842349.LOFI.mp3,Club Rayza,Love Me Again (Bass Rayders Remix Edit)
4846004,forum,B minor,A major,deep-house,http://geo-samples.beatport.com/lofi/4846004.LOFI.mp3,,
4846007,forum,Ab minor,Gb major,progressive-house,http://geo-samples.beatport.com/lofi/4846007.LOFI.mp3,,
4857650,djtechtools,Bb minor,Bb major,breaks,http://geo-samples.beatport.com/lofi/4857650.LOFI.mp3,"Wes Smith, White Boy Awesome",Bring Back That Funk (Original Mix)
4863806,djtechtools,F minor,F major,funk r&b,http://geo-samples.beatport.com/lofi/4863806.LOFI.mp3,Camo & Krooked,Loving You Is Easy (Radio Edit)
4868146,forum,F minor,C minor,trance,http://geo-samples.beatport.com/lofi/4868146.LOFI.mp3,,
4873286,forum,Gb major,A major,progressive-house,http://geo-samples.beatport.com/lofi/4873286.LOFI.mp3,,
4877006,forum,F minor,C minor,dubstep,http://geo-samples.beatport.com/lofi/4877006.LOFI.mp3,,
4898445,forum,Ab minor,Eb minor,trance,http://geo-samples.beatport.com/lofi/4898445.LOFI.mp3,,
4898455,forum,F minor,Bb minor,trance,http://geo-samples.beatport.com/lofi/4898455.LOFI.mp3,,
4900482,djtechtools,Gb minor,Gb minor,dubstep,http://geo-samples.beatport.com/lofi/4900482.LOFI.mp3,Royksopp,Running To The Sea (Seven Lions Remix)
4917941,djtechtools,F minor,A minor,electronica,http://geo-samples.beatport.com/lofi/4917941.LOFI.mp3,TC,Get Down Low (ShockOne Remix)
4920936,djtechtools,Db minor,Db minor,tech-house,http://geo-samples.beatport.com/lofi/4920936.LOFI.mp3,Format:B,Magic Button
4926785,djtechtools,G minor,D minor,indie-dance nu-disco,http://geo-samples.beatport.com/lofi/4926785.LOFI.mp3,"Amine Edge, Dance",Lost (Original Mix)
4927548,forum,F minor,F major,trance,http://geo-samples.beatport.com/lofi/4927548.LOFI.mp3,,
4927724,djtechtools,Ab major,Ab major,chill-out,http://geo-samples.beatport.com/lofi/4927724.LOFI.mp3,Parra For Cuva,True Thoughts
4927725,forum,Eb minor,Eb major,trance,http://geo-samples.beatport.com/lofi/4927725.LOFI.mp3,,
4928111,djtechtools,F minor,F major,drum-and-bass,http://geo-samples.beatport.com/lofi/4928111.LOFI.mp3,The Prototypes,Abyss (VIP)
4934196,djtechtools,A minor,A minor,minimal,http://geo-samples.beatport.com/lofi/4934196.LOFI.mp3,Patryk Molinari,Monkey City (Original Mix)
4934251,djtechtools,C minor,G minor,house,http://geo-samples.beatport.com/lofi/4934251.LOFI.mp3,DJ PP,Queen Of The Disco (Hazzaro & Jerome Robins Remix)
4935536,djtechtools,F minor,F minor,trance,http://geo-samples.beatport.com/lofi/4935536.LOFI.mp3,Progresia,Fire Fire Fire (ilan Bluestone remix)
4939812,djtechtools,Bb minor,Bb minor,deep-house,http://geo-samples.beatport.com/lofi/4939812.LOFI.mp3,EDX,Reckless Ardor (Original Mix)
4941208,djtechtools,F minor,F minor,trance,http://geo-samples.beatport.com/lofi/4941208.LOFI.mp3,Sean Tyas,Now You See
4945105,djtechtools,F minor,F major,psy-trance,http://geo-samples.beatport.com/lofi/4945105.LOFI.mp3,Neelix,Born & Raised
4950604,forum,F minor,F major,electro-house,http://geo-samples.beatport.com/lofi/4950604.LOFI.mp3,,
4950614,djtechtools,E minor,B minor,hip-hop,http://geo-samples.beatport.com/lofi/4950614.LOFI.mp3,"Milo & Otis, Brillz, Teddy Tuxedo",Rvtchet Bitch (Milo & Otis Remix)
4953926,forum,C minor,C major,electro-house,http://geo-samples.beatport.com/lofi/4953926.LOFI.mp3,,
4955428,djtechtools,Bb minor,Bb minor,deep-house,http://geo-samples.beatport.com/lofi/4955428.LOFI.mp3,"Juliet Sikora, Tub & Berger",Set It Off
4955940,forum,Ab minor,Eb minor,tech-house,http://geo-samples.beatport.com/lofi/4955940.LOFI.mp3,,
4956417,djtechtools,Eb minor,none,dubstep,http://geo-samples.beatport.com/lofi/4956417.LOFI.mp3,"Kaskade, Project 46",Last Chance (Dirtyphonics Remix)
4957129,djtechtools,D minor,D minor,indie-dance nu-disco,http://geo-samples.beatport.com/lofi/4957129.LOFI.mp3,Amber Jolene & Nolan,Everyday & Everynight (KANT Remix)
4960012,djtechtools,G minor,Eb major,minimal,http://geo-samples.beatport.com/lofi/4960012.LOFI.mp3,Breech,Destiny
4965571,djtechtools,G minor,G minor,pop rock,http://geo-samples.beatport.com/lofi/4965571.LOFI.mp3,Avicii,Hey Brother (Extended Mix)
4969568,djtechtools,B minor,B minor,progressive-house,http://geo-samples.beatport.com/lofi/4969568.LOFI.mp3,Avicii,Wake Me Up (EDX's Miami Sunset Remix)
4970082,djtechtools,F minor,F minor,glitch-hop,http://geo-samples.beatport.com/lofi/4970082.LOFI.mp3,"Eptic, Habstrakt",Ninja Challenge (Dodge & Fuski Remix)
4981539,djtechtools,Gb minor,Gb minor,techno,http://geo-samples.beatport.com/lofi/4981539.LOFI.mp3,Alan Fitzpatrick,The Tetra
4981541,djtechtools,Bb minor,Bb major,techno,http://geo-samples.beatport.com/lofi/4981541.LOFI.mp3,Alan Fitzpatrick,We Are Forever Young
4983645,djtechtools,D minor,D minor,house,http://geo-samples.beatport.com/lofi/4983645.LOFI.mp3,Tradelove,Show Me Love (Club Mix)
4983728,djtechtools,G minor,G minor,indie-dance nu-disco,http://geo-samples.beatport.com/lofi/4983728.LOFI.mp3,Kant,Never You Mind
4992190,djtechtools,Db minor,Db major,breaks,http://geo-samples.beatport.com/lofi/4992190.LOFI.mp3,Lee Coombs,Lilly In The Sky
4995394,djtechtools,Gb minor,Gb minor,breaks,http://geo-samples.beatport.com/lofi/4995394.LOFI.mp3,"Mobin Master, Tate Strauss, Fantomen",You And I (Stanton Warriors Remix)
4995597,djtechtools,C major,C major,glitch-hop,http://geo-samples.beatport.com/lofi/4995597.LOFI.mp3,Krafty Kuts,Feel Like Jumpin (Krossbow Remix)
4996031,djtechtools,F minor,F minor,drum-and-bass,http://geo-samples.beatport.com/lofi/4996031.LOFI.mp3,Sigma,Rudeboy (feat. Doctor) (DJ version)
4996389,djtechtools,A minor,A minor,progressive-house,http://geo-samples.beatport.com/lofi/4996389.LOFI.mp3,Blasterjaxx,Mystica
4997194,djtechtools,Ab minor,Ab major,hard-dance,http://geo-samples.beatport.com/lofi/4997194.LOFI.mp3,Armin Van Buuren,Shivers (Frontliner Remix)
4997222,djtechtools,Db minor,Db minor,trance,http://geo-samples.beatport.com/lofi/4997222.LOFI.mp3,Armin Van Buuren,Save My Night
5005412,djtechtools forum,G minor,D minor,deep-house,http://geo-samples.beatport.com/lofi/5005412.LOFI.mp3,Oliver Heldens,Gecko (Original Mix)
5009084,djtechtools,Bb minor,Bb minor,house,http://geo-samples.beatport.com/lofi/5009084.LOFI.mp3,Mercer,Turn It Up (Tchami Remix)
5013063,djtechtools,E minor,E minor,electro-house,http://geo-samples.beatport.com/lofi/5013063.LOFI.mp3,Showtek,We Like To Party
5013910,djtechtools,G minor,G minor,progressive-house,http://geo-samples.beatport.com/lofi/5013910.LOFI.mp3,Fatboy Slim,Eat Sleep Rave Repeat (Dimitri Vegas & Like Mike & Ummet Ozcan Tomorrowland Remix)
5015793,forum,C major,E minor,breaks,http://geo-samples.beatport.com/lofi/5015793.LOFI.mp3,,
5026646,djtechtools,F minor,F major,psy-trance,http://geo-samples.beatport.com/lofi/5026646.LOFI.mp3,"KLOPFGEISTER, CAPITAL MONKEY",Tomorrow
5030517,djtechtools,Gb minor,Gb minor,drum-and-bass,http://geo-samples.beatport.com/lofi/5030517.LOFI.mp3,Smooth,Drone
5035524,djtechtools,E minor,E major,hip-hop,http://geo-samples.beatport.com/lofi/5035524.LOFI.mp3,"DJ Snake, Lil Jon",Turn Down For What (Original Mix)
5036476,djtechtools,Gb minor,A major,electronica,http://geo-samples.beatport.com/lofi/5036476.LOFI.mp3,"Moby, Damien Jurado",Almost Home (Agoria Remix)
5039015,djtechtools,Db minor,Db minor,electro-house,http://geo-samples.beatport.com/lofi/5039015.LOFI.mp3,"Thomas Newson, John Ditch",Kalavela
5039016,djtechtools,G minor,G minor,electro-house,http://geo-samples.beatport.com/lofi/5039016.LOFI.mp3,"Ummet Ozcan, Nervo, R3hab",Revolution (Vocal Mix)
5048249,djtechtools,A minor,A minor,dubstep,http://geo-samples.beatport.com/lofi/5048249.LOFI.mp3,Rameses B,Transformations
5048263,djtechtools,G minor,G minor,glitch-hop,http://geo-samples.beatport.com/lofi/5048263.LOFI.mp3,Tristam,Till It's Over
5049808,forum,Ab minor,Ab major,electro-house,http://geo-samples.beatport.com/lofi/5049808.LOFI.mp3,,
5070608,forum,F minor,F major,electro-house,http://geo-samples.beatport.com/lofi/5070608.LOFI.mp3,,
5073839,forum,B major,Gb major,drum-and-bass,http://geo-samples.beatport.com/lofi/5073839.LOFI.mp3,,
5078640,forum,F minor,Bb minor,drum-and-bass,http://geo-samples.beatport.com/lofi/5078640.LOFI.mp3,,
5079918,forum,Ab minor,Ab major,trance,http://geo-samples.beatport.com/lofi/5079918.LOFI.mp3,,
5081990,forum,Gb minor,A major,electronica,http://geo-samples.beatport.com/lofi/5081990.LOFI.mp3,,
5085261,endo_a,A major,A major,deep-house,http://geo-samples.beatport.com/lofi/5085261.LOFI.mp3,Choklate,Break My Heart (Session Victim Remix)
5103693,forum,F major,F major,drum-and-bass,http://geo-samples.beatport.com/lofi/5103693.LOFI.mp3,,
5120298,forum,F minor,F major,progressive-house,http://geo-samples.beatport.com/lofi/5120298.LOFI.mp3,,
5159593,forum,A minor,A major,progressive-house,http://geo-samples.beatport.com/lofi/5159593.LOFI.mp3,,
5171396,forum,Ab major,C minor,drum-and-bass,http://geo-samples.beatport.com/lofi/5171396.LOFI.mp3,,
5263098,forum,G minor,Bb major,dubstep,http://geo-samples.beatport.com/lofi/5263098.LOFI.mp3,,
5264038,forum,E minor,Ab minor,dubstep,http://geo-samples.beatport.com/lofi/5264038.LOFI.mp3,,
5276059,forum,C minor,C major,progressive-house,http://geo-samples.beatport.com/lofi/5276059.LOFI.mp3,,
5302340,forum,C minor,C major,breaks,http://geo-samples.beatport.com/lofi/5302340.LOFI.mp3,,
5304804,forum,F minor,C minor,electronica,http://geo-samples.beatport.com/lofi/5304804.LOFI.mp3,,
5308082,forum,Db minor,E major,trance,http://geo-samples.beatport.com/lofi/5308082.LOFI.mp3,,
5362946,forum,A minor,A major,electro-house,http://geo-samples.beatport.com/lofi/5362946.LOFI.mp3,,
5417860,forum,Ab minor,Eb minor,techno,http://geo-samples.beatport.com/lofi/5417860.LOFI.mp3,,
5431709,forum,C minor,Eb major,drum-and-bass,http://geo-samples.beatport.com/lofi/5431709.LOFI.mp3,,
5450838,forum,E minor,B minor,electro-house,http://geo-samples.beatport.com/lofi/5450838.LOFI.mp3,,
5740146,endo_a,Eb minor,Bb minor,tech-house,http://geo-samples.beatport.com/lofi/5740146.LOFI.mp3,Sebrok,The Truth (Layo & Bushwacka Remix)
